{"Q": {"1": {"nothing": 0.20000105325819004, "fivePaywall": 0.0, "tenPaywall": 0.0}, "2": {"nothing": 0.19000062900000003, "fivePaywall": 0.21600000000000008, "tenPaywall": -0.9}, "3": {"nothing": 0.026999999999999996, "fivePaywall": -0.99, "tenPaywall": -0.99}, "4": {"nothing": 0.342, "fivePaywall": 0.0, "tenPaywall": 0.0}, "5": {"nothing": 0.20619, "fivePaywall": 0.0, "tenPaywall": 0.0}, "6": {"nothing": 0.018810000000000004, "fivePaywall": 0.0, "tenPaywall": 0.0}, "7": {"nothing": 0.1809, "fivePaywall": 0.0, "tenPaywall": -0.9}, "8": {"nothing": 0.5293709999999999, "fivePaywall": 0.0, "tenPaywall": 0.0}, "9": {"nothing": 0.1809, "fivePaywall": 0.0, "tenPaywall": 0.0}, "10": {"nothing": 0.009000000000000001, "fivePaywall": 0.0, "tenPaywall": 0.0}, "11": {"nothing": 0.17181000000000002, "fivePaywall": 0.0, "tenPaywall": -0.9}, "12": {"nothing": -0.143181, "fivePaywall": 0.0, "tenPaywall": 0.0}, "13": {"nothing": 0.009000000000000001, "fivePaywall": 0.0, "tenPaywall": 0.0}, "14": {"nothing": 0.009000000000000001, "fivePaywall": 0.0, "tenPaywall": 0.0}, "15": {"nothing": 0.0, "fivePaywall": -0.9, "tenPaywall": 0.0}, "16": {"nothing": 0.19800000000000004, "fivePaywall": 0.0, "tenPaywall": 0.0}, "1000": {"nothing": 0.0, "fivePaywall": 0.0, "tenPaywall": 0.0}}, "OPTMAL_Q": {"1": {"nothing": 0.22705850062749922, "fivePaywall": -0.9993890468545964, "tenPaywall": 0.07034972252085381}, "2": {"nothing": -0.9112475759641688, "fivePaywall": -0.09987152700340562, "tenPaywall": 0.49124831076822706}, "3": {"nothing": -0.029199900107370474, "fivePaywall": -0.20907960453698837, "tenPaywall": -0.9999931926896922}, "4": {"nothing": -0.19890648769761207, "fivePaywall": -0.9326444841916888, "tenPaywall": -0.9148083579999247}, "5": {"nothing": 0.19865586245074296, "fivePaywall": -0.907811745867183, "tenPaywall": -0.27893112669242004}, "6": {"nothing": -0.240287682985997, "fivePaywall": -0.7796164968126892, "tenPaywall": -0.9887275134922504}, "7": {"nothing": -0.20134155166771853, "fivePaywall": -0.8416109765336096, "tenPaywall": -0.9930533084054115}, "8": {"nothing": 0.06686672747323155, "fivePaywall": -0.9985986721572709, "tenPaywall": -0.9233174530232771}, "9": {"nothing": -0.17961234737158466, "fivePaywall": -0.20167090252203984, "tenPaywall": -0.8838151071739714}, "10": {"nothing": -0.3375608631321092, "fivePaywall": -0.606652729279945, "tenPaywall": -0.9989834452727551}, "11": {"nothing": -0.27625677452675645, "fivePaywall": -0.8400780650449174, "tenPaywall": -0.9220072150878469}, "12": {"nothing": -0.2207623001691997, "fivePaywall": -0.8963828756096468, "tenPaywall": -0.9274193037270564}, "13": {"nothing": -0.5928941982501759, "fivePaywall": -0.9185622113696167, "tenPaywall": -0.9880986824775404}, "14": {"nothing": -0.1999882215058984, "fivePaywall": -0.23380789528502977, "tenPaywall": -0.8684474233693161}, "15": {"nothing": -0.19981839973259324, "fivePaywall": -0.9254998644759994, "tenPaywall": -0.666289781815234}, "16": {"nothing": -0.20027308809834918, "fivePaywall": -0.9904643490512809, "tenPaywall": -0.1849285492753304}, "1000": {"nothing": 0.0, "fivePaywall": 0.0, "tenPaywall": 0.0}}, "transitionProbs": {"1": {"nothing": {"down": 10, "right": 4, "obs": 15, "dead": 1}, "fivePaywall": {"down": 1, "right": 1, "obs": 3, "dead": 1}, "tenPaywall": {"down": 1, "right": 1, "obs": 3, "dead": 1}}, "2": {"nothing": {"down": 6, "right": 2, "obs": 9, "dead": 1}, "fivePaywall": {"down": 2, "right": 1, "obs": 5, "dead": 2}, "tenPaywall": {"down": 1, "right": 1, "obs": 4, "dead": 2}}, "3": {"nothing": {"down": 2, "right": 2, "obs": 5, "dead": 1}, "fivePaywall": {"down": 1, "right": 1, "obs": 5, "dead": 3}, "tenPaywall": {"down": 1, "right": 1, "obs": 5, "dead": 3}}, "4": {"nothing": {"down": 1, "right": 2, "obs": 4, "dead": 1}, "fivePaywall": {"down": 1, "right": 1, "obs": 3, "dead": 1}, "tenPaywall": {"down": 1, "right": 1, "obs": 3, "dead": 1}}, "5": {"nothing": {"down": 2, "right": 3, "obs": 6, "dead": 1}, "fivePaywall": {"down": 1, "right": 1, "obs": 3, "dead": 1}, "tenPaywall": {"down": 1, "right": 1, "obs": 3, "dead": 1}}, "6": {"nothing": {"down": 3, "right": 1, "obs": 5, "dead": 1}, "fivePaywall": {"down": 1, "right": 1, "obs": 3, "dead": 1}, "tenPaywall": {"down": 1, "right": 1, "obs": 3, "dead": 1}}, "7": {"nothing": {"down": 2, "right": 2, "obs": 5, "dead": 1}, "fivePaywall": {"down": 1, "right": 1, "obs": 3, "dead": 1}, "tenPaywall": {"down": 1, "right": 1, "obs": 4, "dead": 2}}, "8": {"nothing": {"down": 1, "right": 3, "obs": 5, "dead": 1}, "fivePaywall": {"down": 1, "right": 1, "obs": 3, "dead": 1}, "tenPaywall": {"down": 1, "right": 1, "obs": 3, "dead": 1}}, "9": {"nothing": {"down": 2, "right": 2, "obs": 5, "dead": 1}, "fivePaywall": {"down": 1, "right": 1, "obs": 3, "dead": 1}, "tenPaywall": {"down": 1, "right": 1, "obs": 3, "dead": 1}}, "10": {"nothing": {"down": 2, "right": 1, "obs": 4, "dead": 1}, "fivePaywall": {"down": 1, "right": 1, "obs": 3, "dead": 1}, "tenPaywall": {"down": 1, "right": 1, "obs": 3, "dead": 1}}, "11": {"nothing": {"down": 2, "right": 1, "obs": 4, "dead": 1}, "fivePaywall": {"down": 1, "right": 1, "obs": 3, "dead": 1}, "tenPaywall": {"down": 1, "right": 1, "obs": 4, "dead": 2}}, "12": {"nothing": {"down": 2, "right": 3, "obs": 7, "dead": 2}, "fivePaywall": {"down": 1, "right": 1, "obs": 3, "dead": 1}, "tenPaywall": {"down": 1, "right": 1, "obs": 3, "dead": 1}}, "13": {"nothing": {"down": 2, "right": 1, "obs": 4, "dead": 1}, "fivePaywall": {"down": 1, "right": 1, "obs": 3, "dead": 1}, "tenPaywall": {"down": 1, "right": 1, "obs": 3, "dead": 1}}, "14": {"nothing": {"down": 2, "right": 1, "obs": 4, "dead": 1}, "fivePaywall": {"down": 1, "right": 1, "obs": 3, "dead": 1}, "tenPaywall": {"down": 1, "right": 1, "obs": 3, "dead": 1}}, "15": {"nothing": {"down": 1, "right": 1, "obs": 3, "dead": 1}, "fivePaywall": {"down": 1, "right": 1, "obs": 4, "dead": 2}, "tenPaywall": {"down": 1, "right": 1, "obs": 3, "dead": 1}}, "16": {"nothing": {"down": 3, "right": 2, "obs": 6, "dead": 1}, "fivePaywall": {"down": 1, "right": 1, "obs": 3, "dead": 1}, "tenPaywall": {"down": 1, "right": 1, "obs": 3, "dead": 1}}, "1000": {"nothing": {"down": 1, "right": 1, "obs": 3, "dead": 1}, "fivePaywall": {"down": 1, "right": 1, "obs": 3, "dead": 1}, "tenPaywall": {"down": 1, "right": 1, "obs": 3, "dead": 1}}}, "EXECUTED_POLICY": {"1": {"nothing": 12.0, "fivePaywall": 0.0, "tenPaywall": 0.0}, "2": {"nothing": 6.0, "fivePaywall": 2.0, "tenPaywall": 1.0}, "3": {"nothing": 2.0, "fivePaywall": 2.0, "tenPaywall": 2.0}, "4": {"nothing": 1.0, "fivePaywall": 0.0, "tenPaywall": 0.0}, "5": {"nothing": 3.0, "fivePaywall": 0.0, "tenPaywall": 0.0}, "6": {"nothing": 2.0, "fivePaywall": 0.0, "tenPaywall": 0.0}, "7": {"nothing": 2.0, "fivePaywall": 0.0, "tenPaywall": 1.0}, "8": {"nothing": 2.0, "fivePaywall": 0.0, "tenPaywall": 0.0}, "9": {"nothing": 2.0, "fivePaywall": 0.0, "tenPaywall": 0.0}, "10": {"nothing": 1.0, "fivePaywall": 0.0, "tenPaywall": 0.0}, "11": {"nothing": 1.0, "fivePaywall": 0.0, "tenPaywall": 1.0}, "12": {"nothing": 4.0, "fivePaywall": 0.0, "tenPaywall": 0.0}, "13": {"nothing": 1.0, "fivePaywall": 0.0, "tenPaywall": 0.0}, "14": {"nothing": 1.0, "fivePaywall": 0.0, "tenPaywall": 0.0}, "15": {"nothing": 0.0, "fivePaywall": 1.0, "tenPaywall": 0.0}, "16": {"nothing": 3.0, "fivePaywall": 0.0, "tenPaywall": 0.0}, "1000": {"nothing": 0.0, "fivePaywall": 0.0, "tenPaywall": 0.0}}, "OPTIMAL_Q": {}, "OPTIMAL_V": {"1": 0.22705850062749922, "2": 0.49124831076822706, "3": -0.029199900107370474, "4": -0.19890648769761207, "5": 0.19865586245074296, "6": -0.240287682985997, "7": -0.20134155166771853, "8": 0.06686672747323155, "9": -0.17961234737158466, "10": -0.3375608631321092, "11": -0.27625677452675645, "12": -0.2207623001691997, "13": -0.5928941982501759, "14": -0.1999882215058984, "15": -0.19981839973259324, "16": -0.1849285492753304, "1000": 0.0}, "OPTIMAL_POLICY": {"1": "nothing", "2": "fivePaywall", "3": "nothing", "4": "nothing", "5": "nothing", "6": "nothing",