{"Q": {"1": {"nothing": 2.15625, "video": 0.0}, "2": {"nothing": 0.5, "video": 1.125}, "3": {"nothing": 1.25, "video": 0.0}, "4": {"nothing": 0.0, "video": 1.5}, "5": {"nothing": 1.3125, "video": 0.0}, "6": {"nothing": 0.703125, "video": 0.0}, "7": {"nothing": 0.8125, "video": 1.4765625}, "8": {"nothing": 1.9296875, "video": 0.0}, "9": {"nothing": 0.875, "video": 0.0}, "10": {"nothing": 0.75, "video": 0.0}, "11": {"nothing": 0.625, "video": -1.5}, "12": {"nothing": 1.03125, "video": 1.125}, "1000": {"nothing": 0.0, "video": 0.0}}, "OPTMAL_Q": {"1": {"nothing": 2.3965277713594846, "video": -1.4199553553102475}, "2": {"nothing": 1.0098418648663305, "video": -0.06099033908148188}, "3": {"nothing": 2.172562478738644, "video": -0.3778715774006083}, "4": {"nothing": 1.525586250925827, "video": 0.656687938548068}, "5": {"nothing": 1.1681708282758534, "video": 1.3074301018135606}, "6": {"nothing": 1.355004732454466, "video": 1.7788526084267595}, "7": {"nothing": 1.3718478955648141, "video": -0.42808732097572877}, "8": {"nothing": 1.157316061948315, "video": 2.0800602990274277}, "9": {"nothing": 1.254123653702371, "video": 2.455724551960089}, "10": {"nothing": 2.1198353082091805, "video": -0.20717359391560963}, "11": {"nothing": 0.5534294455404759, "video": -1.161541097246248}, "12": {"nothing": -0.3671536910076665, "video": -1.1500214790944148}, "1000": {"nothing": 0.0, "video": 0.0}}, "transitionProbs": {"1": {"nothing": {"down": 3, "right": 4, "obs": 8, "dead": 1}, "video": {"down": 1, "right": 1, "obs": 3, "dead": 1}}, "2": {"nothing": {"down": 2, "right": 1, "obs": 4, "dead": 1}, "video": {"down": 2, "right": 1, "obs": 4, "dead": 1}}, "3": {"nothing": {"down": 2, "right": 2, "obs": 5, "dead": 1}, "video": {"down": 1, "right": 1, "obs": 3, "dead": 1}}, "4": {"nothing": {"down": 1, "right": 1, "obs": 3, "dead": 1}, "video": {"down": 1, "right": 2, "obs": 4, "dead": 1}}, "5": {"nothing": {"down": 2, "right": 3, "obs": 6, "dead": 1}, "video": {"down": 1, "right": 1, "obs": 3, "dead": 1}}, "6": {"nothing": {"down": 2, "right": 1, "obs": 4, "dead": 1}, "video": {"down": 1, "right": 1, "obs": 3, "dead": 1}}, "7": {"nothing": {"down": 2, "right": 1, "obs": 4, "dead": 1}, "video": {"down": 2, "right": 1, "obs": 4, "dead": 1}}, "8": {"nothing": {"down": 3, "right": 3, "obs": 7, "dead": 1}, "video": {"down": 1, "right": 1, "obs": 3, "dead": 1}}, "9": {"nothing": {"down": 3, "right": 1, "obs": 5, "dead": 1}, "video": {"down": 1, "right": 1, "obs": 3, "dead": 1}}, "10": {"nothing": {"down": 3, "right": 1, "obs": 5, "dead": 1}, "video": {"down": 1, "right": 1, "obs": 3, "dead": 1}}, "11": {"nothing": {"down": 2, "right": 1, "obs": 4, "dead": 1}, "video": {"down": 1, "right": 1, "obs": 4, "dead": 2}}, "12": {"nothing": {"down": 3, "right": 1, "obs": 5, "dead": 1}, "video": {"down": 2, "right": 1, "obs": 4, "dead": 1}}, "1000": {"nothing": {"down": 1, "right": 1, "obs": 3, "dead": 1}, "video": {"down": 1, "right": 1, "obs": 3, "dead": 1}}}, "EXECUTED_POLICY": {"1": {"nothing": 5.0, "video": 0.0}, "2": {"nothing": 1.0, "video": 1.0}, "3": {"nothing": 2.0, "video": 0.0}, "4": {"nothing": 0.0, "video": 1.0}, "5": {"nothing": 3.0, "video": 0.0}, "6": {"nothing": 1.0, "video": 0.0}, "7": {"nothing": 1.0, "video": 1.0}, "8": {"nothing": 4.0, "video": 0.0}, "9": {"nothing": 2.0, "video": 0.0}, "10": {"nothing": 2.0, "video": 0.0}, "11": {"nothing": 1.0, "video": 1.0}, "12": {"nothing": 2.0, "video": 1.0}, "1000": {"nothing": 0.0, "video": 0.0}}, "OPTIMAL_Q": {}, "OPTIMAL_V": {"1": 2.3965277713594846, "2": 1.0098418648663305, "3": 2.172562478738644, "4": 1.525586250925827, "5": 1.3074301018135606, "6": 1.7788526084267595, "7": 1.3718478955648141, "8": 2.0800602990274277, "9": 2.455724551960089, "10": 2.1198353082091805, "11": 0.5534294455404759, "12": -0.3671536910076665, "1000": 0.0}, "OPTIMAL_POLICY": {"1": "nothing", "2": "video", "3": "nothing", "4": "video", "5": "nothing", "6": "nothing", "7": "video", "8": "nothing", "9": "nothing", "10": "nothing", "11": "nothing", "12": "video", "1000": "nothing"}, "V": {"1": 2.15625, "2": 1.375, "3": 1.25, "4": 1.5, "5": 1.3125, "6": 0.703125, "7": 1.8984375, "8": 1.9765625, "9": 0.875, "10": 0.375, "11": -0.125, "12": 1.53125, "1000": 0}, "pages": {"exp": {"nothing": {"sum": 22.875, "obs": 24}, "video": {"sum": 4.78125, "obs": 5}}}}