{"Q": {"1": {"nothing": 0.01490211631175035, "video": 0.0}, "2": {"nothing": 0.0, "video": 0.017004223557891905}, "3": {"nothing": 0.0, "video": -0.014074081553796507}, "4": {"nothing": 0.0, "video": -0.007420338441547578}, "5": {"nothing": 0.0, "video": -0.002931147810368604}, "6": {"nothing": 0.001463151190280914, "video": 0.0}, "7": {"nothing": 0.0061350664062500004, "video": 0.0}, "8": {"nothing": -0.00019999999999999998, "video": 0.0}, "9": {"nothing": -0.0005, "video": 0.0}, "10": {"nothing": 0.0, "video": 0.0}, "11": {"nothing": 0.0050861510183651815, "video": 0.0}, "12": {"nothing": 0.011750851830584856, "video": 0.0}, "13": {"nothing": 0.01140610567163316, "video": 0.0}, "14": {"nothing": 0.00457974083943963, "video": 0.0}, "15": {"nothing": 0.0, "video": -0.02314791015625}, "16": {"nothing": 0.0, "video": 0.002695312499999998}, "17": {"nothing": 0.0004432812499999999, "video": 0.0}, "18": {"nothing": 0.007275, "video": 0.0}, "19": {"nothing": -0.0005, "video": 0.0}, "20": {"nothing": 0.0, "video": 0.0}, "21": {"nothing": 0.003151793510927885, "video": 0.0}, "22": {"nothing": 0.0, "video": -0.021854451569652295}, "23": {"nothing": 0.0004933360667071923, "video": 0.0}, "24": {"nothing": 0.003102658989429474, "video": 0.0}, "25": {"nothing": 0.0030129394531250003, "video": 0.0}, "26": {"nothing": 0.0, "video": -0.0024999999999999988}, "27": {"nothing": 0.0, "video": 0.00021000000000000185}, "28": {"nothing": 0.008525000000000001, "video": 0.0}, "29": {"nothing": 0.0, "video": -0.015}, "30": {"nothing": 0.0, "video": 0.0}, "31": {"nothing": -0.0005561789738126099, "video": 0.0}, "32": {"nothing": 0.0, "video": -0.0028860281982421854}, "33": {"nothing": 0.0, "video": -0.014085604248046873}, "34": {"nothing": 0.002816552734375, "video": 0.0}, "35": {"nothing": 0.0, "video": -0.0236328125}, "36": {"nothing": 0.0, "video": -0.015}, "37": {"nothing": 0.0, "video": 0.0}, "38": {"nothing": 0.002, "video": 0.0}, "39": {"nothing": 0.0, "video": 0.0}, "40": {"nothing": 0.0, "video": 0.0}, "41": {"nothing": -0.00081957275390625, "video": 0.0}, "42": {"nothing": 2.500000000000001e-05, "video": 0.0}, "43": {"nothing": 0.0, "video": -0.02625}, "44": {"nothing": 0.0, "video": -0.028124999999999997}, "45": {"nothing": 0.0, "video": 0.0}, "46": {"nothing": 0.0, "video": 0.0}, "47": {"nothing": 0.0, "video": 0.0}, "48": {"nothing": 0.0, "video": 0.01}, "49": {"nothing": -0.0005, "video": 0.0}, "50": {"nothing": 0.0, "video": 0.0}, "1000": {"nothing": 0.0, "video": 0.0}}, "transitionProbs": {"1": {"nothing": {"down": 359, "right": 323, "obs": 1003, "dead": 321}, "video": {"down": 1, "right": 1, "obs": 3, "dead": 1}}, "2": {"nothing": {"down": 1, "right": 1, "obs": 3, "dead": 1}, "video": {"down": 181, "right": 1, "obs": 361, "dead": 179}}, "3": {"nothing": {"down": 1, "right": 1, "obs": 3, "dead": 1}, "video": {"down": 85, "right": 1, "obs": 183, "dead": 97}}, "4": {"nothing": {"down": 1, "right": 1, "obs": 3, "dead": 1}, "video": {"down": 42, "right": 1, "obs": 87, "dead": 44}}, "5": {"nothing": {"down": 1, "right": 1, "obs": 3, "dead": 1}, "video": {"down": 25, "right": 1, "obs": 44, "dead": 18}}, "6": {"nothing": {"down": 9, "right": 9, "obs": 27, "dead": 9}, "video": {"down": 1, "right": 1, "obs": 3, "dead": 1}}, "7": {"nothing": {"down": 3, "right": 3, "obs": 11, "dead": 5}, "video": {"down": 1, "right": 1, "obs": 3, "dead": 1}}, "8": {"nothing": {"down": 2, "right": 1, "obs": 5, "dead": 2}, "video": {"down": 1, "right": 1, "obs": 3, "dead": 1}}, "9": {"nothing": {"down": 1, "right": 1, "obs": 4, "dead": 2}, "video": {"down": 1, "right": 1, "obs": 3, "dead": 1}}, "10": {"nothing": {"down": 1, "right": 1, "obs": 3, "dead": 1}, "video": {"down": 1, "right": 1, "obs": 3, "dead": 1}}, "11": {"nothing": {"down": 112, "right": 106, "obs": 325, "dead": 107}, "video": {"down": 1, "right": 1, "obs": 3, "dead": 1}}, "12": {"nothing": {"down": 44, "right": 35, "obs": 114, "dead": 35}, "video": {"down": 1, "right": 1, "obs": 3, "dead": 1}}, "13": {"nothing": {"down": 23, "right": 16, "obs": 46, "dead": 7}, "video": {"down": 1, "right": 1, "obs": 3, "dead": 1}}, "14": {"nothing": {"down": 11, "right": 9, "obs": 25, "dead": 5}, "video": {"down": 1, "right": 1, "obs": 3, "dead": 1}}, "15": {"nothing": {"down": 1, "right": 1, "obs": 3, "dead": 1}, "video": {"down": 4, "right": 1, "obs": 13, "dead": 8}}, "16": {"nothing": {"down": 1, "right": 1, "obs": 3, "dead": 1}, "video": {"down": 7, "right": 1, "obs": 14, "dead": 6}}, "17": {"nothing": {"down": 3, "right": 4, "obs": 11, "dead": 4}, "video": {"down": 1, "right": 1, "obs": 3, "dead": 1}}, "18": {"nothing": {"down": 2, "right": 2, "obs": 5, "dead": 1}, "video": {"down": 1, "right": 1, "obs": 3, "dead": 1}}, "19": {"nothing": {"down": 1, "right": 1, "obs": 4, "dead": 2}, "video": {"down": 1, "right": 1, "obs": 3, "dead": 1}}, "20": {"nothing": {"down": 1, "right": 1, "obs": 3, "dead": 1}, "video": {"down": 1, "right": 1, "obs": 3, "dead": 1}}, "21": {"nothing": {"down": 31, "right": 31, "obs": 108, "dead": 46}, "video": {"down": 1, "right": 1, "obs": 3, "dead": 1}}, "22": {"nothing": {"down": 1, "right": 1, "obs": 3, "dead": 1}, "video": {"down": 31, "right": 1, "obs": 67, "dead": 35}}, "23": {"nothing": {"down": 16, "right": 14, "obs": 48, "dead": 18}, "video": {"down": 1, "right": 1, "obs": 3, "dead": 1}}, "24": {"nothing": {"down": 16, "right": 5, "obs": 26, "dead": 5}, "video": {"down": 1, "right": 1, "obs": 3, "dead": 1}}, "25": {"nothing": {"down": 6, "right": 5, "obs": 18, "dead": 7}, "video": {"down": 1, "right": 1, "obs": 3, "dead": 1}}, "26": {"nothing": {"down": 1, "right": 1, "obs": 3, "dead": 1}, "video": {"down": 3, "right": 1, "obs": 8, "dead": 4}}, "27": {"nothing": {"down": 1, "right": 1, "obs": 3, "dead": 1}, "video": {"down": 3, "right": 1, "obs": 8, "dead": 4}}, "28": {"nothing": {"down": 2, "right": 3, "obs": 6, "dead": 1}, "video": {"down": 1, "right": 1, "obs": 3, "dead": 1}}, "29": {"nothing": {"down": 1, "right": 1, "obs": 3, "dead": 1}, "video": {"down": 1, "right": 1, "obs": 4, "dead": 2}}, "30": {"nothing": {"down": 1, "right": 1, "obs": 3, "dead": 1}, "video": {"down": 1, "right": 1, "obs": 3, "dead": 1}}, "31": {"nothing": {"down": 10, "right": 11, "obs": 33, "dead": 12}, "video": {"down": 1, "right": 1, "obs": 3, "dead": 1}}, "32": {"nothing": {"down": 1, "right": 1, "obs": 3, "dead": 1}, "video": {"down": 5, "right": 1, "obs": 12, "dead": 6}}, "33": {"nothing": {"down": 1, "right": 1, "obs": 3, "dead": 1}, "video": {"down": 10, "right": 1, "obs": 20, "dead": 9}}, "34": {"nothing": {"down": 5, "right": 5, "obs": 16, "dead": 6}, "video": {"down": 1, "right": 1, "obs": 3, "dead": 1}}, "35": {"nothing": {"down": 1, "right": 1, "obs": 3, "dead": 1}, "video": {"down": 2, "right": 1, "obs": 11, "dead": 8}}, "36": {"nothing": {"down": 1, "right": 1, "obs": 3, "dead": 1}, "video": {"down": 1, "right": 1, "obs": 4, "dead": 2}}, "37": {"nothing": {"down": 1, "right": 1, "obs": 3, "dead": 1}, "video": {"down": 1, "right": 1, "obs": 3, "dead": 1}}, "38": {"nothing": {"down": 1, "right": 2, "obs": 5, "dead": 2}, "video": {"down": 1, "right": 1, "obs": 3, "dead": 1}}, "39": {"nothing": {"down": 1, "right": 1, "obs": 3, "dead": 1}, "video": {"down": 1, "right": 1, "obs": 3, "dead": 1}}, "40": {"nothing": {"down": 1, "right": 1, "obs": 3, "dead": 1}, "video": {"down": 1, "right": 1, "obs": 3, "dead": 1}}, "41": {"nothing": {"down": 5, "right": 3, "obs": 15, "dead": 7}, "video": {"down": 1, "right": 1, "obs": 3, "dead": 1}}, "42": {"nothing": {"down": 4, "right": 1, "obs": 7, "dead": 2}, "video": {"down": 1, "right": 1, "obs": 3, "dead": 1}}, "43": {"nothing": {"down": 1, "right": 1, "obs": 3, "dead": 1}, "video": {"down": 1, "right": 1, "obs": 6, "dead": 4}}, "44": {"nothing": {"down": 1, "right": 1, "obs": 3, "dead": 1}, "video": {"down": 1, "right": 1, "obs": 7, "dead": 5}}, "45": {"nothing": {"down": 1, "right": 1, "obs": 3, "dead": 1}, "video": {"down": 1, "right": 1, "obs": 3, "dead": 1}},