{"username=User": {"catsop": 631685740, "atsop_mean": 35093652.222222224, "sd_mean": 1.3333333333333333, "visits": 18}}